Name,Address,Phone,Website,Social Media Links
Navigate Life Coach,"71-75 Shelton St, London WC2H 9JQ, UK",07828 966817,https://www.navigatelifecoach.com/,"https://www.facebook.com/navigatelifecoach1, https://www.linkedin.com/in/sarishanaidoo1, https://www.instagram.com/navigatelife.coach, https://www.facebook.com/navigatelifecoach1, https://www.linkedin.com/in/sarishanaidoo1, https://www.instagram.com/navigatelife.coach"
Unlimited Thinking Coaching - Accredited Life Coach London - Antonia Halko,"19, Sloane House, Loddiges Rd, London E9 7NR, UK",07784 767521,https://stateofchange-clinic.com/mindset-coaching/,"https://www.linkedin.com/in/edoardo-cecchinato-4ab67b123/, https://www.instagram.com/edoardo_osteopath/, https://www.linkedin.com/in/edoardo-cecchinato-4ab67b123/, https://www.instagram.com/edoardo_osteopath/"
Tomas Svitorka,"37 Millharbour, London E14 9DL, UK",07927 264757,https://www.tomassvitorka.com/,"https://www.facebook.com/tomas.svitorka, https://twitter.com/TomasSvitorka, https://uk.linkedin.com/in/tomassvitorka, https://www.facebook.com/tomas.svitorka, https://twitter.com/TomasSvitorka, https://uk.linkedin.com/in/tomassvitorka"
Heidi Wells - Life Coach - Confidence & Mindset - EFT Tapping - Clairvoyant - Twickenham,"67 Hazel Cl, Twickenham TW2 7NP, UK",07714 257461,http://www.heidiwells.com/,
"Kate Stirling Mindset, Wellbeing & Confidence Coaching London Bromley","Ethelbert Cl, Bromley BR1 1JB, UK",,http://www.katestirling.com/,"http://www.linkedin.com/in/katestirling1, https://www.instagram.com/katestirling1, http://www.twitter.com/_katestirling"
Matt Young Life Coaching,"Matrix Recording Studios, 91 Peterborough Rd, London SW6 3BU, UK",,http://www.mattyounglc.com/,"https://www.instagram.com/mattyoung.mindcoach/, https://www.linkedin.com/in/matt-young-mitm/, https://www.facebook.com/madeinthemind/, https://www.instagram.com/mattyoung.mindcoach/, https://www.linkedin.com/in/matt-young-mitm/, https://www.facebook.com/madeinthemind"
Jacqueline Hurst Life Coaching (London),"58 Grosvenor St, London W1K 3AJ, UK",020 4538 6356,https://www.jacquelinehurst.com/?utm_source=google&utm_medium=gmb,"https://www.facebook.com/pages/Jacqueline-Hurst-Coaching/151768384894843?sk=info, https://uk.linkedin.com/pub/jacqueline-hurst/28/356/83a, https://instagram.com/Jacqueline_hurst_"
Dafina Kirby Coaching,"34 Alpine View, Sutton, Carshalton SM5 3QJ, UK",07476 123919,https://www.dafinakirby.com/,
Life Coach in Surrey | Annie Fontaine,"11A Darell Rd, Richmond TW9 4LF, UK",07872 055567,https://anniefontainelifecoachlondon.co.uk/life-coach-in-surrey/,
Life Coach London,"102, Wenlock Studios, Wharf Rd, London N1 7EU, UK",020 8058 8187,https://www.lifecoach.london/,
Paula Tejs Life Coach & Mentor (London),"86-90 Paul St, London EC2A 4NE, UK",07803 353198,http://www.paulatejs.com/,https://www.instagram.com/career_coaching_london/
Poppy Cross Coaching,"48 Kensington Park Rd, London W11 3BP, UK",,http://poppycross.co.uk/,"https://facebook.com/PoppyCross, https://twitter.com/PoppyPhilomenaC, https://instagram.com/poppycross, https://www.facebook.com/sharer/sharer.php?u=https://poppycross.co.uk/, https://twitter.com/home?status=Check%20out%20this%20article:%20My Coaching%20-%20https://poppycross.co.uk/"
Where is your mind? Executive Coach For Elite High Achievers,"98 Crawford St, London W1H 2HL, UK",0800 246 5685,http://www.whereisyourmind.net/,"https://www.facebook.com/whereisyourmindlifecoach, https://www.instagram.com/myjetsetfamilylife/, https://www.linkedin.com/www."
"Kate Stirling Mindset, Wellbeing & Confidence Coaching London Soho","111 Charing Cross Rd, London WC2H 0DT, UK",,https://www.katestirling.com/,"http://www.linkedin.com/in/katestirling1, https://www.instagram.com/katestirling1, http://www.twitter.com/_katestirling"
Upgrade Me Mindset,"32 Broad Oak Way, Broadwater, Stevenage SG2 8QW, UK",07943 837945,,
Money Mindset Coaching,"50 Heathermount Dr, Crowthorne RG45 6HN, UK",07739 740197,http://www.moneymindsetcoaching.co.uk/,
A Positive Mindset,"49 Chapmans Rd, Sundridge, Sevenoaks TN14 6DS, UK",07932 632372,http://www.apositivemindset.com/,"https://www.facebook.com/apositivemindset, https://uk.linkedin.com/in/diana-araujo-mellinger-228b7111, https://www.instagram.com/nlp_apositivemindset/"
Rich Mindset Coaching,"1 Elmfield Park, Bromley BR1 1LU, UK",07548 542281,,
Caroline Baber Coaching,"5 Margaret St, London W1W 8RG, UK",07753 788125,https://www.carolinebaber.com/,
Sharmeen Zarras Teenage Life coach and Mentor,"Albert Rd, Buckhurst Hill IG9 6EH, UK",07980 912761,http://www.youthlifecoach.webador.co.uk/,"https://www.facebook.com/sharmeenzarraslifecoach, https://facebook.com/sharmeenzarraslifecoach, https://linkedin.com/in/sharmeen-zarras-805b48209/, https://instagram.com/sharmeenzarras.teencoach/, https://facebook.com/sharmeenzarraslifecoach, https://linkedin.com/in/sharmeen-zarras-805b48209/, https://instagram.com/sharmeenzarras.teencoach/"
Danny Rahim Coaching - Accredited Life Coach - London,"Kings Tower, Chelsea Creek, London SW6 2FZ, UK",,https://www.dannyrahimcoaching.com/?utm_source=google&utm_medium=wix_google_business_profile&utm_campaign=9013131586828818835,"https://www.linkedin.com/in/danny-rahim-ab70b0120/, https://www.instagram.com/dannyrahimofficial/, https://twitter.com/danny_rahim, https://www.linkedin.com/in/danny-rahim-ab70b0120/, https://www.instagram.com/dannyrahimofficial/, https://twitter.com/danny_rahim"
Nick Hatter Life Coach (London),"34, New House, 67-68 Hatton Garden, London EC1N 8JY, UK",020 3488 0210,https://www.nickhatter.com/,"https://www.facebook.com/theNickHatter, https://www.twitter.com/theNickHatter, https://www.linkedin.com/company/nickhatter, https://www.instagram.com/theNickHatter/"
Navigate Life Coach,"71-75 Shelton St, London WC2H 9JQ, UK",07828 966817,https://www.navigatelifecoach.com/,"https://www.facebook.com/navigatelifecoach1, https://www.linkedin.com/in/sarishanaidoo1, https://www.instagram.com/navigatelife.coach, https://www.facebook.com/navigatelifecoach1, https://www.linkedin.com/in/sarishanaidoo1, https://www.instagram.com/navigatelife.coach"
Lucy Seifert - Life Coach London,"Hurstwood Rd, London NW11 0AS, UK",07956 663151,https://www.lucyseifertcoaching-training.co.uk/,"https://twitter.com/#!/LucySeifert, https://twitter.com/#!/LucySeifert, https://www.facebook.com/lucyseifertlifecoachlondon, https://twitter.com/LucySeifert, https://www.instagram.com/lucyseifertlifecoach/, https://www.linkedin.com/profile/view?id=AAkAAALLQRoBtc3U-y3i5n2DmevAa5E_V53khUg&authType=NAME_SEARCH&authToken=svdI&locale=en_US&trk=tyah&trkInfo=clickedVertical:mynetwork,clickedEntityId:46874906,authType:NAME_SEARCH,idx:1-4-4,tarId:1448377575590,tas:lucy"
Tomas Svitorka,"37 Millharbour, London E14 9DL, UK",07927 264757,https://www.tomassvitorka.com/,"https://www.facebook.com/tomas.svitorka, https://twitter.com/TomasSvitorka, https://uk.linkedin.com/in/tomassvitorka, https://www.facebook.com/tomas.svitorka, https://twitter.com/TomasSvitorka, https://uk.linkedin.com/in/tomassvitorka"
Paula Tejs Life Coach & Mentor (London),"86-90 Paul St, London EC2A 4NE, UK",07803 353198,http://www.paulatejs.com/,https://www.instagram.com/career_coaching_london/
Unlimited Thinking Coaching - Accredited Life Coach London - Antonia Halko,"19, Sloane House, Loddiges Rd, London E9 7NR, UK",07784 767521,https://stateofchange-clinic.com/mindset-coaching/,"https://www.linkedin.com/in/edoardo-cecchinato-4ab67b123/, https://www.instagram.com/edoardo_osteopath/, https://www.linkedin.com/in/edoardo-cecchinato-4ab67b123/, https://www.instagram.com/edoardo_osteopath/"
Dan Skeates Men's Life Coach London & Essex,"31 Hamlet Rd, Chelmsford CM2 0EU, UK",07747 467661,http://danskeates.com/,"https://uk.linkedin.com/in/dan-skeates-30917b37, https://www.facebook.com/danskeates, https://www.instagram.com/danskeates, https://twitter.com/danskeates"
The Life Coach - Positive Minds,"The Life Coach - Positive Minds, Mapleton Rd, London SW18 4DN, UK",07786 802051,,
Vanessa Fdez Life Coach,"116 Riverview Gardens, London SW13 8RA, UK",07865 950596,https://calendly.com/vanessalifecoach/free-phone-consultation,
"Confidence & Resilience Expert, Life Coach and Clinical Hypnotherapist - Ayesha Giselle","25 Finsbury Circus, City of London, London EC2M 7AB, UK",07432 548352,http://www.ayeshagiselle.com/,"https://www.instagram.com/ayesha_giselle, https://www.instagram.com/ayesha_giselle, https://www.instagram.com/ayesha_giselle, https://www.instagram.com/ayesha_giselle"
Hans Schumann - Executive Career & Life Coach,"13 St Luke's Ave, London SW4 7LG, UK",07795 450710,https://www.hansschumann.com/,"https://www.facebook.com/hansschumanncoaching/, https://www.linkedin.com/in/hansschumann/, https://twitter.com/lovecreategrow?lang=en"
Top London Life Coach,"53 Dover House Rd, London SW15 5AA, UK",07976 029244,http://www.toplondonlifecoach.co.uk/,
Life Coach London,"102, Wenlock Studios, Wharf Rd, London N1 7EU, UK",020 8058 8187,https://www.lifecoach.london/,
"Life Coach London - Kathryn Mabbutt, Life Clarity Coach","Campbell Rd, London E3 4DT, UK",07958 079260,http://www.lifeclaritycoach.co.uk/,"https://www.linkedin.com/in/LifeClarityCoach, https://www.facebook.com/LifeClarityCoach, https://www.instagram.com/kathryn_mabbutt/, https://www.facebook.com/LifeClarityCoach, https://www.instagram.com/kathryn_mabbutt/, https://www.linkedin.com/in/LifeClarityCoach"
Sharmeen Zarras Teenage Life coach and Mentor,"Albert Rd, Buckhurst Hill IG9 6EH, UK",07980 912761,http://www.youthlifecoach.webador.co.uk/,"https://www.facebook.com/sharmeenzarraslifecoach, https://facebook.com/sharmeenzarraslifecoach, https://linkedin.com/in/sharmeen-zarras-805b48209/, https://instagram.com/sharmeenzarras.teencoach/, https://facebook.com/sharmeenzarraslifecoach, https://linkedin.com/in/sharmeen-zarras-805b48209/, https://instagram.com/sharmeenzarras.teencoach/"
The Life Coach London | Georgiana George,"2 Cresford Rd, London SW6 2AH, UK",07768 336557,https://thelifecoachlondon.com/,https://www.linkedin.com/in/georgiana-george-28638973
Joshua Snape Life Coach,"38 Woodmansterne Rd, Carshalton SM5 4JN, UK",07557 943404,,
Jacqueline Hurst Life Coaching (London),"58 Grosvenor St, London W1K 3AJ, UK",020 4538 6356,https://www.jacquelinehurst.com/?utm_source=google&utm_medium=gmb,"https://www.facebook.com/pages/Jacqueline-Hurst-Coaching/151768384894843?sk=info, https://uk.linkedin.com/pub/jacqueline-hurst/28/356/83a, https://instagram.com/Jacqueline_hurst_"
Kent Life Coach,"24A Harmony St, Royal Tunbridge Wells, Tunbridge Wells TN4 8NS, UK",07832 236647,https://www.kentlifecoach.co.uk/,
Imagine Unlimited Counselling; Coaching & Personal Development Training,"203 High St Grn, Hemel Hempstead HP2 7AA, UK",,https://www.counselling-directory.org.uk/counsellors/patricia-moh,
Alis Pavel - Coaching & Development,"Kensington Pavilion, 96 Kensington High St, London W8 4SG, UK",07455 225937,,
Active Personal Development,"3 Summerleys Rd, Princes Risborough HP27 9DT, UK",07872 017162,http://www.activepersonaldevelopment.co.uk/,"https://www.facebook.com/activepersonaldevelopment.co.uk/, https://www.linkedin.com/in/jsrich4242, https://twitter.com/mkjeangibson"
Freeminded Personal Development,"Flat 6, 31 Bedford Hill, London SW12 9EY, UK",07743 144365,http://freeminded.co.uk/,"https://www.instagram.com/freemindedhypno, https://www.facebook.com/freemindedalex, https://www.linkedin.com/in/alex-valls-b5069a32"
Hans Schumann - Executive Career & Life Coach,"13 St Luke's Ave, London SW4 7LG, UK",07795 450710,https://www.hansschumann.com/,"https://www.facebook.com/hansschumanncoaching/, https://www.linkedin.com/in/hansschumann/, https://twitter.com/lovecreategrow?lang=en"
"Sandra Blanco mindset coach - motivational coaching, personal development, personal empowerment","Nursery Rd, Loughton IG10 4EF, UK",07827 813819,,
Law of Attraction and Personal Development,"108 Greenhill, London NW3 5TY, UK",07798 671665,https://www.meetup.com/Law-of-attraction-and-personal-development/,"https://www.facebook.com/meetup/, https://twitter.com/Meetup/, https://www.instagram.com/meetup/"
Aline Declercq,"85 Great Portland St, London W1W 7LT, UK",07950 938075,http://alinedeclercq.com/,"https://twitter.com/alinedcoaching, https://www.instagram.com/leverageyourworth/, https://www.linkedin.com/in/alinedeclercq/, https://twitter.com/alinedcoaching, https://www.instagram.com/leverageyourworth/, https://www.linkedin.com/in/alinedeclercq/"
Authentic Life & Leadership Coach (London),"Work.Life, 5 Tanner St, London SE1 3LE, UK",07973 197374,http://www.authenticlifecompany.com/,"https://www.linkedin.com/in/hutchinsonrobert/, https://www.facebook.com/authenticlifeco/"
Tomas Svitorka,"37 Millharbour, London E14 9DL, UK",07927 264757,https://www.tomassvitorka.com/,"https://www.facebook.com/tomas.svitorka, https://twitter.com/TomasSvitorka, https://uk.linkedin.com/in/tomassvitorka, https://www.facebook.com/tomas.svitorka, https://twitter.com/TomasSvitorka, https://uk.linkedin.com/in/tomassvitorka"
Coaching Development Ltd,"Suite 128e Business Design Centre, 52 Upper St, London N1 0QH, UK",020 8541 1313,https://www.coachingdevelopment.com/,"https://www.facebook.com/CoachingDevelopmentLtd/, https://www.linkedin.com/company/27012465/, https://www.instagram.com/coachingdevelopment, https://twitter.com/CoachingDevelop, https://www.facebook.com/CoachingDevelopmentLtd/, https://www.linkedin.com/company/27012465/, https://www.instagram.com/coachingdevelopment, https://twitter.com/CoachingDevelop"
Unlimited Thinking Coaching - Accredited Life Coach London - Antonia Halko,"19, Sloane House, Loddiges Rd, London E9 7NR, UK",07784 767521,https://stateofchange-clinic.com/mindset-coaching/,"https://www.linkedin.com/in/edoardo-cecchinato-4ab67b123/, https://www.instagram.com/edoardo_osteopath/, https://www.linkedin.com/in/edoardo-cecchinato-4ab67b123/, https://www.instagram.com/edoardo_osteopath/"
Nick Hatter Life Coach (London),"34, New House, 67-68 Hatton Garden, London EC1N 8JY, UK",020 3488 0210,https://www.nickhatter.com/,"https://www.facebook.com/theNickHatter, https://www.twitter.com/theNickHatter, https://www.linkedin.com/company/nickhatter, https://www.instagram.com/theNickHatter/"
NMN Life Solutions,"56 Rydal Gardens, Wembley HA9 8RZ, UK",07956 191430,https://nmnlifesolutions.com/?utm_campaign=gmb,
Monika Kozlowska Coaching Limited,"9 Clifton Pl, Mount Sion, Royal Tunbridge Wells, Tunbridge Wells TN1 1TL, UK",07917 198850,https://www.monikakozlowska.com/,
Nibana Transformational Life and Relationship Coaching,"39, Ability Plaza, Arbutus St, London E8 4DT, UK",020 7173 5775,http://www.nibana.life/,"https://www.facebook.com/nibana.life, https://twitter.com/Kapsg, https://www.linkedin.com/company/nibana-life, https://www.instagram.com/kapsgupta/"
Yannick Jacob,"54 Holywell Ln, London EC2A 3PQ, UK",07914 057703,http://www.existential.coach/,
Mind Manoeuvres | Personal Success Coach,"36 Hockers Ln, Detling, Maidstone ME14 3JN, UK",07841 656004,https://www.mindmanoeuvres.co.uk/,"https://www.facebook.com/MindManoeuvres, https://www.linkedin.com/in/dannijonescoaching"
Navigate Life Coach,"71-75 Shelton St, London WC2H 9JQ, UK",07828 966817,https://www.navigatelifecoach.com/,"https://www.facebook.com/navigatelifecoach1, https://www.linkedin.com/in/sarishanaidoo1, https://www.instagram.com/navigatelife.coach, https://www.facebook.com/navigatelifecoach1, https://www.linkedin.com/in/sarishanaidoo1, https://www.instagram.com/navigatelife.coach"
"Nina Madden - NLP Practitioner, Life Coach, EMDR Therapist","2 Drayson Mews, London W8 4LY, UK",07906 255529,https://www.ninamadden.com/,
